{
  "sharpe_ratio": 0.8464505720843397,
  "max_drawdown_anchored": 0.36950668751085636,
  "max_drawdown_spec": 14.25,
  "drawdown_method": "anchored",
  "max_drawdown": 0.36950668751085636,
  "win_rate": 0.4808787632221318,
  "profit_factor": 0.936603524193279,
  "trades_per_day": 2.560416666666667,
  "avg_trade_pnl": -142.83563873067536,
  "calmar_ratio": 3.8633688462216487,
  "total_trades": 1229,
  "total_pnl": -175545.0,
  "long_trades": 1120,
  "short_trades": 109,
  "avg_hold_bars": 6.895850284784378,
  "median_hold_bars": 5.0,
  "total_slippage_cost": 213075.0,
  "total_commission": 21307.5,
  "cost_per_trade": 190.70992676973148,
  "cost_pct_of_gross": 0.04372879221442514,
  "sharpe_t_stat": -3.3640994144568244,
  "sharpe_p_value": 0.9996160306217375,
  "sharpe_significant_5pct": false,
  "winrate_t_stat": -4.158566553768887,
  "winrate_p_value": 0.9999853792209221,
  "winrate_significant_5pct": false,
  "params": {
    "toxic_continuation_threshold": 0.55,
    "toxic_reversal_threshold": 0.55,
    "max_hold_bars": 15,
    "regime_exit_enabled": true
  }
}