{
  "sharpe_ratio": -0.6918087040091041,
  "max_drawdown_anchored": 2.1882670870397476,
  "max_drawdown_spec": 22.059023836549375,
  "drawdown_method": "spec",
  "max_drawdown": 22.059023836549375,
  "win_rate": 0.39347711730668067,
  "profit_factor": 0.6664944490749727,
  "trades_per_day": 3.9604166666666667,
  "avg_trade_pnl": -460.95870594423985,
  "calmar_ratio": -0.03921014394874962,
  "total_trades": 1901,
  "total_pnl": -876282.5,
  "long_trades": 1620,
  "short_trades": 281,
  "avg_hold_bars": 3.3093108890057863,
  "median_hold_bars": 2.0,
  "total_slippage_cost": 338825.0,
  "total_commission": 33882.5,
  "cost_per_trade": 196.05865334034718,
  "cost_pct_of_gross": 0.08639988409156767,
  "sharpe_t_stat": -37.065671606774686,
  "sharpe_p_value": 1.0,
  "sharpe_significant_5pct": false,
  "winrate_t_stat": -12.81801327637988,
  "winrate_p_value": 1.0,
  "winrate_significant_5pct": false,
  "params": {
    "toxic_continuation_threshold": 0.55,
    "toxic_reversal_threshold": 0.55,
    "max_hold_bars": 15,
    "regime_exit_enabled": true
  }
}