{
  "sharpe_ratio": 0.863066087327175,
  "max_drawdown_anchored": 0.36763604459566457,
  "max_drawdown_spec": 14.25,
  "drawdown_method": "spec",
  "max_drawdown": 14.25,
  "win_rate": 0.4822817631806396,
  "profit_factor": 0.9449488538788919,
  "trades_per_day": 2.410416666666667,
  "avg_trade_pnl": -127.45030250648229,
  "calmar_ratio": 0.10203421052631581,
  "total_trades": 1157,
  "total_pnl": -147460.0,
  "long_trades": 1057,
  "short_trades": 100,
  "avg_hold_bars": 7.511668107173725,
  "median_hold_bars": 5.0,
  "total_slippage_cost": 202100.0,
  "total_commission": 20210.0,
  "cost_per_trade": 192.14347450302506,
  "cost_pct_of_gross": 0.042687686318184655,
  "sharpe_t_stat": -3.000071714333951,
  "sharpe_p_value": 0.99865041976124,
  "sharpe_significant_5pct": false,
  "winrate_t_stat": -3.9391628864981327,
  "winrate_p_value": 0.9999627289933066,
  "winrate_significant_5pct": false,
  "params": {
    "toxic_continuation_threshold": 0.55,
    "toxic_reversal_threshold": 0.65,
    "max_hold_bars": 20,
    "regime_exit_enabled": true
  }
}