{
  "sharpe_ratio": 0.8794743254618383,
  "max_drawdown_anchored": 0.3530554117037804,
  "max_drawdown_spec": 14.25,
  "drawdown_method": "anchored",
  "max_drawdown": 0.3530554117037804,
  "win_rate": 0.4818339100346021,
  "profit_factor": 0.9474093141159471,
  "trades_per_day": 2.408333333333333,
  "avg_trade_pnl": -122.0826124567474,
  "calmar_ratio": 4.198411427392741,
  "total_trades": 1156,
  "total_pnl": -141127.5,
  "long_trades": 1050,
  "short_trades": 106,
  "avg_hold_bars": 7.480103806228374,
  "median_hold_bars": 5.0,
  "total_slippage_cost": 201650.0,
  "total_commission": 20165.0,
  "cost_per_trade": 191.88148788927336,
  "cost_pct_of_gross": 0.042463298196915494,
  "sharpe_t_stat": -2.6405852281230873,
  "sharpe_p_value": 0.9958618513448684,
  "sharpe_significant_5pct": false,
  "winrate_t_stat": -3.9680121379838855,
  "winrate_p_value": 0.9999669744361255,
  "winrate_significant_5pct": false,
  "params": {
    "toxic_continuation_threshold": 0.6,
    "toxic_reversal_threshold": 0.6,
    "max_hold_bars": 20,
    "regime_exit_enabled": true
  }
}