{
  "sharpe_ratio": 0.447585730691949,
  "max_drawdown_anchored": 0.14013676101445272,
  "max_drawdown_spec": 4.0526315789475005,
  "drawdown_method": "anchored",
  "max_drawdown": 0.14013676101445272,
  "win_rate": 0.42412060301507537,
  "profit_factor": 0.7782177793951427,
  "trades_per_day": 2.0859538784067087,
  "avg_trade_pnl": -52.06532663314916,
  "calmar_ratio": 0.48518641602667734,
  "total_trades": 995,
  "total_pnl": -51804.99999998342,
  "long_trades": 541,
  "short_trades": 454,
  "avg_hold_bars": 7.050251256281407,
  "median_hold_bars": 5.0,
  "total_slippage_cost": 19900.0,
  "total_commission": 24875.0,
  "cost_per_trade": 45.0,
  "cost_pct_of_gross": 0.10884891211863398,
  "sharpe_t_stat": -12.064909754907639,
  "sharpe_p_value": 1.0,
  "sharpe_significant_5pct": false,
  "winrate_t_stat": -7.334017994049671,
  "winrate_p_value": 0.9999999999999035,
  "winrate_significant_5pct": false,
  "params": {
    "toxic_continuation_threshold": 0.55,
    "toxic_reversal_threshold": 0.55,
    "max_hold_bars": 15,
    "regime_exit_enabled": true
  }
}