{
  "sharpe_ratio": -0.8380996609879887,
  "max_drawdown": 2.0717630404007403,
  "win_rate": 0.3900896151818661,
  "profit_factor": 0.6576158495885088,
  "trades_per_day": 3.9520833333333334,
  "avg_trade_pnl": -484.0142329994728,
  "calmar_ratio": -0.5014298111038107,
  "total_trades": 1897,
  "total_pnl": -918175.0,
  "long_trades": 1622,
  "short_trades": 275,
  "avg_hold_bars": 3.293621507643648,
  "median_hold_bars": 2.0,
  "total_slippage_cost": 343000.0,
  "total_commission": 34300.0,
  "cost_per_trade": 198.8929889298893,
  "cost_pct_of_gross": 0.08620354821389813,
  "sharpe_t_stat": -40.2707458906288,
  "sharpe_p_value": 1.0,
  "sharpe_significant_5pct": false,
  "winrate_t_stat": -13.100551800061968,
  "winrate_p_value": 1.0,
  "winrate_significant_5pct": false,
  "params": {
    "toxic_continuation_threshold": 0.55,
    "toxic_reversal_threshold": 0.55,
    "max_hold_bars": 15,
    "regime_exit_enabled": true
  }
}