{
  "sharpe_ratio": -0.7881032017793604,
  "max_drawdown_anchored": 2.314196492913764,
  "max_drawdown_spec": 59.104294478527606,
  "drawdown_method": "anchored",
  "max_drawdown": 2.314196492913764,
  "win_rate": 0.39817043813192105,
  "profit_factor": 0.6550500567972172,
  "trades_per_day": 4.327083333333333,
  "avg_trade_pnl": -457.98748194511313,
  "calmar_ratio": -0.39516280393657877,
  "total_trades": 2077,
  "total_pnl": -951240.0,
  "long_trades": 1810,
  "short_trades": 267,
  "avg_hold_bars": 3.155994222436206,
  "median_hold_bars": 2.0,
  "total_slippage_cost": 370025.0,
  "total_commission": 37002.5,
  "cost_per_trade": 195.96894559460762,
  "cost_pct_of_gross": 0.0905342997828547,
  "sharpe_t_stat": -39.175378350470694,
  "sharpe_p_value": 1.0,
  "sharpe_significant_5pct": false,
  "winrate_t_stat": -12.969081331851722,
  "winrate_p_value": 1.0,
  "winrate_significant_5pct": false,
  "params": {
    "toxic_continuation_threshold": 0.45,
    "toxic_reversal_threshold": 0.7,
    "max_hold_bars": 10,
    "regime_exit_enabled": true
  }
}